ID,nombre,primerApellido,segundoApellido,genero
Silas,Barbisch,Haggar,Cadwaladr,M
Devan,Van Der Vlies,O'Hollegan,Theseira,F
Bax,Tankin,Oylett,Gilphillan,M
Marena,Loutheane,Gallaccio,Horlock,F
Brion,Woodgate,Cursey,Ardy,M
Marcille,Vero,Smoughton,Martelet,F
Dynah,Bisson,MacCostye,Orrin,F
Isadora,Cahill,Iori,Rikel,F
Darsey,Ateridge,Bomb,De Avenell,F
Corbet,Gavriel,Lorkins,Rockingham,M
Pen,Haskayne,Peaseman,Marcombe,M
Worth,Ferreiro,Lawrance,Biasini,M
Cherin,Glass,Staker,Elia,F
Alfreda,Lambal,Maton,Gravett,F
Josefa,Jeary,Hulk,Buscher,F
Coriss,Casol,Fery,Truscott,F
Clyve,Devoy,Greenway,Proppers,M
Nataniel,Justice,Bodocs,Worboys,M
Faythe,Dymocke,Burker,Chatband,F
Hendrika,Chaucer,Gallagher,Alwen,F
Erminie,Fri,Chislett,Mate,F
Robin,Kisby,McArtan,Smorthit,M
Isidro,Sangwine,Andrat,Rubinsky,M
Hank,Nicholes,McNirlan,McGillacoell,M
Myca,Abbey,Girdlestone,Kemer,M
Merridie,Rodenhurst,Ninotti,Badsworth,F
Isacco,Oxnam,Grabham,Gething,M
Gretta,Bloomer,Gue,Hopfer,F
Donni,Rennard,Restall,Lanchbury,F
Tripp,Eard,Dunmuir,Stobbs,M
Rafaelia,Harbor,Entwisle,Ducarne,F
Vlad,Speare,McKinty,Lesley,M
Abby,Bradnum,Szimoni,Godfree,M
Piper,Calverley,Hearthfield,Lehrmann,F
Joy,Shirland,Greathead,Shelper,F
Nollie,Tunnah,Hannond,Bank,F
Jamesy,Pitkins,Roome,Cervantes,M
Jasmine,Tingle,Hadye,Auden,F
Brok,Clewlow,Lamps,Goldster,M
Philippa,Strangeways,Rice,Howood,F
Shanan,Yirrell,Soots,Lamar,M
Bail,Crimin,Wildber,Clancy,M
Edouard,Ferrari,Matejka,Tarbett,M
Nanete,McEnteggart,Newvell,Thurlow,F
Karolina,Auden,Huyche,Ramstead,F
Kliment,Gilbey,Rojel,Horburgh,M
Charyl,Snawdon,Fforde,Stearns,F
Marcile,Stilly,Ankers,Aizlewood,F
Mavis,Lermit,Tinwell,Saffle,F
Noell,Praten,Donohoe,Brosh,F
Bobbee,Monteaux,Fidoe,O'dell,F
Gaynor,Ivanyukov,Treasure,Gordon,F
Letisha,Laughton,Rodriguez,Kondratovich,F
Joly,Learoyd,Carbine,Devlin,F
Gene,Kelcher,Tunaclift,O'Rourke,M
Cal,Figgins,Regi,Nappin,M
Rebeca,Pohls,Vise,Corish,F
Giuditta,De Laspee,Collopy,Stimson,F
Evyn,Younie,Hollyer,Swinney,M
Gracia,Brideaux,Leighton,Buckle,F
Noland,O'Looney,Hibling,Rollett,M
Cortie,Pash,Sorby,Piscotti,M
Tatum,Luckin,Claxson,Dudny,F
Penny,Olczyk,Crichley,Lunny,F
Taylor,De Ferrari,MacTurlough,Fasse,M
Sergei,Amsden,Zmitrichenko,Furzey,M
Ettore,Albrooke,MacIntosh,Stoker,M
Sydney,Yanukhin,Decort,Nice,F
Glen,Skeermer,Rowen,Blowing,M
Dasi,Azema,Sellner,Glasscoe,F
Coral,Poulgreen,Stanway,Garmans,F
Braden,Yegorkin,Somerscales,Tejada,M
Dilly,Barracks,Durbann,Frodsam,M
Marketa,Upjohn,Harraway,Sergant,F
Dasi,MacSween,Peltzer,Kinglake,F
Zaneta,Stoneley,Mackerness,Lorait,F
Gerard,Bednall,Thurner,Collerd,M
Birch,Baumann,McInally,Mathews,M
Matthiew,Trumpeter,Valti,Mollin,M
Schuyler,Amsberger,MacDougall,Wroath,M
Rafaellle,Hebden,Paolozzi,Imbrey,M
Cello,Peter,Acarson,Keattch,M
Corney,Tomasello,Dulling,Blagden,M
Cam,Glastonbury,Saveall,Simononsky,M
Keriann,Bubbings,Yaldren,Hancock,F
Marjorie,Bramer,Behnke,Squier,F
Ewen,Barlow,Lemanu,Readmire,M
Davie,Rigolle,Stillman,Nias,M
Carver,Elleton,Naden,Brind,M
Franklin,Meachem,Kubyszek,Stegel,M
Concettina,Elster,Skittles,Hoodless,F
Samson,Ellesworthe,Geake,Gettone,M
Kevin,Bosman,Ruben,Gregorio,M
Ferdinand,Topaz,Dashkovich,Warratt,M
Pren,Westney,Laye,Dumini,M
Ernesta,Ortzen,Raisher,Larmor,F
Emmy,Camies,Lock,Manvelle,F
Kerrill,Strothers,Govinlock,Lethabridge,F
Sarge,Brien,Ibbeson,Abbatini,M
Renate,Boyall,Hefferon,Kestian,F
Temp,McCourtie,Cahn,Laxson,M
Merrilee,Hutcheons,Lundbeck,Rollason,F
Vitia,Warrell,Powderham,Brombell,F
Ceciley,Aldersey,Elverstone,McMylor,F
Yves,Fannon,Albarez,Vasyukhin,M
Lezley,Hirjak,Nevins,Will,M
Marvin,Masson,Dundredge,Hammor,M
Mariska,Jeschner,Darlaston,Stollsteiner,F
Miranda,Axtens,Grebbin,Commander,F
Samuele,Graffham,Litherborough,Hobbema,M
Trace,De la Harpe,Ruoss,Lutas,M
Gabriel,Blench,Lowsely,Gittoes,F
Lauritz,Bonnette,Cavy,Collinwood,M
Terry,Lott,Blinkhorn,Whannel,M
Clevey,Jery,Larvin,Drynan,M
Guillema,Benner,Chattell,Newall,F
Arabel,Smardon,Weaving,Pitcock,F
Quinn,Alger,Inchbald,Sayle,F
Lemmy,Galbraith,Jellico,Twells,M
Alisander,Buttrum,Pitceathly,Beckhurst,M
Thia,Philcock,Bradnocke,Goodlake,F
Morgan,Wytchard,Simenet,Halfacree,M
Fredia,Rosettini,Klimkowski,Woolsey,F
Mylo,Micklem,Skerrett,Bunten,M
Martelle,Callaby,Snare,Seeviour,F
Robinet,Viggers,Meriel,Squeers,F
Stern,Harragin,Phlipon,Gusney,M
Caro,Ozanne,Mossdale,Easey,F
Petronille,Rainger,Szwandt,Cancellor,F
Alidia,Habgood,Quirk,Fagg,F
Britte,Larrat,Barszczewski,Ivell,F
Prent,Kubczak,Jorcke,Sains,M
Montgomery,Koppke,Quigley,Ferre,M
Brockie,Frisby,Knappitt,Duffrie,M
Keene,Bourrel,Verdie,Pellamont,M
Jessamyn,Habgood,Fiddyment,Belham,F
Susanne,Willoway,Beverley,Scarrott,F
Merrel,Dutnell,Powland,Gut,M
Kissie,Fessions,Brimblecombe,Fynan,F
Domini,Windram,McGucken,De Michele,F
Pennie,Nelane,Parysiak,Petr,M
Tuck,Rowney,Woodruffe,Duns,M
Tate,Wessel,Wanley,Rodrigues,F
Gerrie,Jorge,Defont,Kelsow,F
Erv,Garrie,Allcorn,Macro,M
Jamill,Giraldo,Richter,Lamport,M
Sergio,Westman,Hilary,Cockerham,M
Indira,Ludl,Deverell,Brecknell,F
Karney,Brayne,Seward,McCuis,M
Cordelie,Sire,Solly,Mora,F
Adler,Edleston,Birmingham,Carnalan,M
Alethea,Bautiste,Borrowman,Braiden,F
Pace,Bonsall,Westcar,Ben,M
Aldin,Leil,Cromarty,Chason,M
Garrik,McNee,Chowne,Acland,M
Thornton,Wartonby,Petri,Krollmann,M
Gonzalo,Gurley,McTeague,Buckel,M
Granthem,Riach,Edscer,Warcop,M
Zebadiah,Latch,Trudgion,Sandercock,M
Harp,Diament,Ramsden,Dimont,M
Maridel,Batsford,Healeas,Howsden,F
Kalle,Ream,Buzek,Poolton,M
Asia,Pickover,Boyn,Sarton,F
Armand,Androletti,L'Episcopio,MacInnes,M
Blake,Fessler,Burgise,Geekin,F
Bastian,Dunabie,Sturgess,Orchart,M
Tiphany,Whitwood,Tolumello,Aire,F
Cheston,Frichley,Yellowlees,Lawry,M
Garey,Strippling,Geck,McGaffey,M
Gregor,Norvill,Graysmark,Garnett,M
Dieter,Wetherell,Bartalucci,Griniov,M
Jasun,Chesterman,Raitt,Stormonth,M
Cybil,Vader,Felmingham,Storkes,F
Ricky,Janovsky,Geill,Coulthurst,F
Edgard,Boule,Markie,Side,M
Anissa,Nowaczyk,Woodbridge,Scanes,F
Sharity,Meech,Goozee,Halwell,F
Ody,Bembrick,Hernik,Bour,M
Isaiah,Inkle,Lawes,Box,M
Arabelle,Spilsburie,Shimwell,Nicholes,F
Mariska,Mosey,Antoni,Phethean,F
Kania,Artus,Slarke,Logesdale,F
Lindsay,Convery,Quinsee,Hattigan,M
Gannie,Dennerley,Lorey,Ailward,M
Birch,Sherbrooke,Ruggen,Havill,M
Markus,Karpmann,Germann,Girvan,M
Demetria,Orfeur,Hourihane,Eva,F
Athene,Mullineux,Casier,Matysik,F
Thorn,Babonau,Deerness,Gerardi,M
Veronike,Van Der Straaten,Stollenwerck,Ockleshaw,F
Edan,Seger,Zecchinelli,Kilgour,M
Gregor,Zamora,Boyes,Charman,M
Taber,Bambury,Theaker,von Hagt,M
Quincy,Tiernan,Gasquoine,Suggey,M
Valdemar,Firebrace,Hawk,Gilchrest,M
Iolanthe,Cranefield,Houtby,Bruford,F
Cinnamon,Osgorby,Ducker,Beiderbeck,F
Sukey,Viscovi,Greenwood,Rosencwaig,F
Hailee,Feasey,Tinklin,Drewry,F
Tracie,Greiser,Davidy,Downey,M
Nobie,Bernardes,Gurnee,Maryman,M
Brooks,Guerin,Rumens,Gladwish,F
Lindy,Arkwright,Clutterham,Ambrosoli,M
Wallis,Presho,Maidlow,Addicott,F
Carlin,Vallantine,Sidry,Morse,M
Jobey,Kerby,Fones,Cann,F
Deedee,Howarth,Halahan,Gobolos,F
Bertie,Blackhurst,Lardner,Hazard,M
Merrielle,Stitch,McDowell,Dendle,F
Belle,Mallatratt,Grinston,Cardus,F
Shannon,Edrich,Becket,Pitrollo,M
Craggy,Arnason,Grogono,Caistor,M
Vance,Jindrak,Booth,Falshaw,M
Mel,Bettlestone,Autrie,Ledwitch,F
Roanna,Canepe,Beggio,Millin,F
Doralynn,Briar,Treslove,Brannon,F
Kris,Fulbrook,Denkel,Petera,F
Patty,Boame,Rowaszkiewicz,Margrett,M
Kalindi,Coon,Lippini,Baynam,F
Cary,Stoad,Oates,Sollowaye,M
Jocelyne,Banbrick,Sollars,Korb,F
Brook,Lethibridge,Benford,Arnaudot,F
Silas,Cunah,Stilgoe,Borsnall,M
Casar,Kaliszewski,Maden,Giraudel,M
Bertram,Gorling,Coggell,Pipworth,M
Annora,Binnell,todor,Pilipets,F
Allister,Robertucci,Kytley,Vlasov,M
Ardith,Orrocks,Prendergast,Cursons,F
Roger,Cullin,Fergie,Patman,M
Othella,Liddington,Vigus,McKinie,F
Kareem,Renoden,Cheverton,Chomicz,M
Tobe,Ralston,MacDearmont,Hekkert,F
Cleveland,Tavinor,Muckersie,Yare,M
Mic,Gogie,Duer,Croley,M
Rosana,Puxley,Twede,Farans,F
Orsa,Gillfillan,Kiraly,Hanaford,F
Powell,Laban,Regler,Cossor,M
Yuma,Corbally,Fishburn,Gerault,M
Ebeneser,Farnie,Gabbitis,Beckworth,M
Dianemarie,Esche,Pesak,Calver,F
Bessie,Bumpas,Ledwitch,Guilbert,F
Engelbert,O'Grada,Christoforou,Polly,M
Amalie,Hewkin,Bolesworth,MacGillicuddy,F
Mariquilla,Moline,Matessian,Smeath,F
Maxy,Vockins,Condit,Connor,F
Cart,Giorgielli,Mulrean,McGrorty,M
Perkin,Antonioni,Fogt,Alldread,M
Leupold,Stearne,Skule,Kender,M
Leroi,Lowrie,Orrick,Dowears,M
Camella,Hemeret,Holleran,Rosenbarg,F
Jacklin,Maneylaws,Nevitt,Lamprey,F
Martha,Farr,Karolyi,D'Alessio,F
Liliane,Goodlife,Quested,Peatt,F
Brigit,Guerreru,Izachik,Teeney,F
Ari,Duignan,Orable,Reynoldson,M
Cherie,Roncelli,Annatt,Howsin,F
Corrie,Furman,Gensavage,Innot,M
Oswald,Scriviner,Stearn,Heddon,M
Ali,Hallahan,Gibbetts,Sollime,M
Gaven,Damarell,Tramel,McIlvoray,M
Leighton,Hankins,Deverick,Coldicott,M
Jennilee,Bellhouse,Freckelton,Loxdale,F
Marcelle,Mallya,Kybert,Pandya,F
Alvan,Waddell,de Castelain,Killbey,M
Bobinette,Lavall,Simounet,Durram,F
Javier,Seton,Dunbar,Willwood,M
Faun,Fridaye,Roughey,Bartak,F
Noel,Fear,Hakes,Blanden,F
Luigi,Longfut,Korneev,O'Cuddie,M
Eyde,Gamlyn,Cahen,Pavel,F
Alvera,Luebbert,Havvock,Dooland,F
Allis,Keune,McCord,Nulty,F
Edd,MacKean,Hulle,Gouinlock,M
Shay,Eliet,Stainton,Langridge,F
Nate,Goncaves,Nicklin,Daile,M
Peta,Cathcart,Whaites,Oliphant,F
Wolfy,Vannar,Holde,Lerway,M
Damien,Cloutt,Swait,Polon,M
Harvey,Disbrow,Swithenby,Soppit,M
Nicolina,Habgood,MacClay,Sparling,F
Eduino,Beau,Kale,Casely,M
Peder,Tysall,Ballsdon,Hawksworth,M
Addison,Boath,Fellon,Stubbe,M
Ddene,Huxley,Jojic,Wheatman,F
Jone,Roddy,Doblin,Cartin,M
Blair,Spenton,Stuffins,Seiler,F
Yurik,Tarrier,Elcock,Strangwood,M
Karylin,Durdan,Bottell,Eatherton,F
Carroll,Miskelly,Josephson,Castello,M
Gabriel,Folks,Poe,Lyddyard,F
Hersh,Pacher,Goodred,McPhee,M
Brittne,Redgrave,Pitkeathley,Storrie,F
Foster,Greenstock,Vinnicombe,Laugier,M
Stacee,Sinton,Croughan,Horsey,F
Broddy,Brazier,O'Hannigan,Tease,M
Wendall,Roussell,Thacker,Cuddehay,M
Candace,Montez,Hulbert,Bleakman,F
Yolande,Skirvane,Roll,Loveredge,F
Martyn,Donoher,Scirman,Doey,M
Hill,Dymond,Goodbairn,Cheater,M
Aluin,Danielian,Duker,Arons,M
Bendite,Rysdale,McCurley,Leadstone,F
Margaretha,Genner,McNysche,Greenalf,F
Martino,Nanson,Lidstone,Macro,M
Gilemette,Matteacci,Streatfield,Justice,F
Missy,Sobieski,Weight,Poulsen,F
Sonya,Malins,Pashler,Rizzini,F
Yardley,Grigsby,Harry,Roma,M
Bert,Raynton,Chatten,Letixier,M
Charmaine,Pumfrey,Cruwys,Nealy,F
Birch,Broun,Hallawell,Clewlow,M
Westbrooke,Harold,Waddup,Simcox,M
Pegeen,Po,Goudard,Jancso,F
Cody,Antonoczyk,Denys,Dawes,M
Silvain,Lynn,Bozier,Snufflebottom,M
Marieann,Lukas,Canceller,Peel,F
Malvina,Fleg,Hobben,Wehnerr,F
Gaven,Provest,Handforth,Lamblot,M
Tabina,Gresser,Bennington,Grigorey,F
Donn,O'Teague,Whiting,Degoey,M
Codee,Janton,Mosedall,Leworthy,F
Kassey,Asif,Eric,Matschke,F
Brendon,Thunder,Goodwill,Savatier,M
Katherina,Haskew,Hindmoor,Bromley,F
Joanna,Vasilmanov,Lysons,Pigeram,F
Margarethe,Abdon,Renzo,Berlin,F
Mohammed,Copcote,Aikin,Dallaghan,M
Sigismund,Lammiman,Adicot,Cattlemull,M
Ker,Aisman,Poles,Kleanthous,M
Adah,Rozea,Terrans,Dofty,F
Orin,Vassie,Francklyn,Dugmore,M
Patricia,Laimable,Gercken,Collar,F
Halimeda,Maffia,Mum,Benham,F
Doro,Greguol,Trippitt,Langfat,F
Rayner,Aldhous,Gregorace,O'Rourke,M
Hillyer,Pucker,Ostick,Behrens,M
Kerr,Rilston,Learmouth,Whitfield,M
Brew,Whytock,Cuming,Farryn,M
Skippy,Branchet,Gush,Penreth,M
Hulda,Patry,Kerbey,Ditt,F
Rica,Rudiger,Menary,Stanway,F
Mic,Dabinett,Thorby,Kedie,M
Maurie,Horlick,Schiell,Poles,M
Wilt,Cartmel,Houlridge,Weben,M
Everett,Ciobutaro,Meddick,Matchett,M
Johnnie,Engelbrecht,Tibbles,Sangster,M
Hedvige,Harrigan,Ajean,Glasscott,F
Curr,Leatherborrow,Hargey,Peto,M
Dionne,Toffolini,Syde,Purdy,F
Concordia,Duckering,Marnes,Winteringham,F
Alister,Pridmore,Glendzer,Swadlin,M
Aleda,Zannolli,Bruno,Quarrell,F
Chaim,Burtwhistle,Larmouth,Brazil,M
Claus,Hayworth,Peppard,Baylay,M
Jacquenetta,Moden,Megson,Farney,F
Ev,Rannald,Abrahmer,Benford,M
Patten,Manach,Chambers,Elias,M
Tye,Von Welldun,Duley,Scoterbosh,M
Marguerite,Prichet,Vankov,Lowen,F
Jamal,Troni,Wardle,Fouracres,M
Morlee,Feander,Isherwood,Di Biagi,M
Ripley,Dulake,Fellgate,Guiet,M
Cristian,Reen,Primarolo,Worsnap,M
Vannie,Ixer,Twiddy,Grimsdith,F
Becki,Marjoribanks,Brigg,Munford,F
Daren,Ryley,Bussons,Becerro,M
Nels,Poat,Greenough,Beverstock,M
Yvette,Zappel,Nelthrop,Ellens,F
Gabie,Gairdner,Drohan,Demare,M
Valerie,Farrent,Pringley,Scaife,F
Sollie,Blankhorn,Sore,Nutman,M
Antin,Kassman,Keeffe,Pagon,M
Lucais,Solloway,Cradduck,Trueman,M
Valida,Pechacek,Dunnet,Gwyn,F
Lilla,Devonald,Greenley,Levins,F
Humphrey,Beney,Dudderidge,Fendlen,M
Angelique,Peiser,Grennan,Buzza,F
Corey,Betteson,Kuhnhardt,Vassall,M
Timmie,Foucar,Pitman,Hatherall,M
Andriette,Aikin,Loughlan,Latey,F
Ellery,Tasseler,Crighton,Sangar,M
Tyrone,Elsip,Woodson,Gilfether,M
Ignazio,Dicey,Crate,Banaszkiewicz,M
Flss,Piatkow,Philipot,Ianniello,F
Lindi,Hucks,McClure,Josse,F
Claudine,Mancktelow,Banner,Kennealy,F
Alethea,Chisholm,Scotting,Goomes,F
Felicle,Fosdick,Mathie,Duncan,F
Vikky,Weber,Mullord,Archard,F
Care,Bewsey,Stirtle,Towndrow,M
Adrianna,Fedder,Kynastone,Hennington,F
Erica,Duffit,Troy,Lamberts,F
Ivie,Corston,Frail,Kubalek,F
Erma,Plowell,Jeffers,Burchill,F
Lauree,MacIllrick,Stocker,Cundey,F
Leeann,Mateo,Cuningham,Edmand,F
Nanon,Dowsey,Gowanlock,Van Ross,F
Zerk,Bengough,Ebbitt,Howse,M
Camile,Buie,Selwin,Hedon,F
Karlik,Bau,Foynes,Stansell,M
Tobin,Pulbrook,Scottesmoor,Byatt,M
Ulric,Yearnes,Maillard,Hartshorne,M
Tobin,Bedell,Pichmann,Wilding,M
Bunny,Bannard,Durnan,Jaume,F
Evey,Cranna,Huddlestone,Golton,F
Veronika,MacLure,Mulqueen,Dilland,F
Elizabet,Radmer,Coan,Dael,F
Hiram,Stracey,Postles,Aronov,M
Freddy,Dabrowski,Grelka,Maddigan,F
Marna,Ekins,Tytcomb,Ramet,F
Julia,Nichols,Perott,Kibbye,F
Danni,Springall,Jirus,Keward,F
Claiborne,McKerlie,Whittenbury,McKenney,M
Danyelle,Marle,Houndsom,Cowlam,F
Courtney,Mitcheson,Naper,Martyns,M
Tera,Thornham,Symson,Tankin,F
Galina,Arnke,Kochl,Angliss,F
Sacha,Brumby,Bond,Hargitt,F
Ilyse,Michal,Pebworth,Burnel,F
Jessie,Reitenbach,Poytress,Dunphie,M
Ketti,Ebbin,Hinchon,Steffans,F
Alie,Crambie,Burwell,Kilroy,F
Aprilette,Hawkswell,Rothon,Rann,F
Gayleen,Dutch,Bourbon,Stanwix,F
Natale,Lionel,Burchall,Baudino,M
Kendrick,Semmens,Kerfut,Vernalls,M
Shep,Josebury,Bowshire,Gerckens,M
Gerhard,Rawsthorne,Jepensen,Sweynson,M
Shannan,Plail,Hartshorn,Hawker,M
Chrissie,Dikles,Jonczyk,Ryde,F
Norma,Whittock,McVitty,Alger,F
Natty,Charker,Bagby,Fyldes,M
Janis,Gillum,Phizaclea,Buckbee,F
Beck,O'Lynn,Khoter,Garroway,M
Wiley,Grzegorek,O'Keevan,Filipov,M
Cicely,McLinden,Cromly,Haggart,F
Derby,Ruit,Ronca,Hymas,M
Corey,Roddick,Episcopio,Karoly,M
Niven,Franc,Dugdale,Skillanders,M
Claybourne,Brandacci,Luberto,Biasi,M
Tedmund,Queyeiro,Sword,Gewer,M
Avery,Holby,Yeld,Daton,M
Cozmo,Inwood,Jewell,Percy,M
Ronda,Greystoke,Tozer,Dugald,F
Kore,Camerello,Ondracek,Patkin,F
Killy,Twentyman,Sheppey,Rieger,M
Quintana,Booi,Giamuzzo,Tanslie,F
Madelaine,Skirving,Stiggers,Castana,F
Liana,Lacey,Milton,Surcomb,F
Gideon,Whimper,Hastilow,Rostern,M
Lorne,Grandison,Garford,Dericut,M
Gill,Ludlam,Pavolini,Maffulli,M
Byram,Acreman,Wharlton,Ducker,M
Hunter,Tregidgo,Flacknoe,Bwy,M
Hillier,Rodmell,Boardman,Leadston,M
Inessa,Tomasoni,Stroud,Jarry,F
Aurelea,Ceschini,Goscar,Kiddle,F
Sapphira,Gerault,Halloran,Dunthorn,F
Karlis,Castelli,Tyrwhitt,Pallant,M
Sunshine,Brimblecombe,Brazear,Simonassi,F
Orland,Piggen,Solway,Vennings,M
Muffin,Calverd,Wallbridge,Galland,F
Grata,Carnaman,Sawer,Pikhno,F
Donna,Sinden,Fleury,Brine,F
Wilhelm,Aronovitz,Hagland,Mawne,M
Bartholomew,Paxeford,Peddersen,Ussher,M
Langston,Radki,Pullman,Seiler,M
Adaline,Krop,Buntin,Scafe,F
Iver,Haddock,Sans,Rackstraw,M
Karola,Sperski,Radloff,Gambell,F
Celie,Douch,Hearle,Dobel,F
Diann,Nevison,Hawking,Hickin,F
Seth,Peasey,Madgewick,Ellwell,M
Gabriela,Carsey,Brackenridge,Chesson,F
Bear,Cathel,Steere,MacIllrick,M
Ernestus,Sparks,Popping,Gianiello,M
Alejoa,Cadalleder,Gobat,Mold,M
Lauren,Maplesden,Raoul,Elijah,M
Marysa,Ord,Anning,Simm,F
Berkeley,Kiddey,Dewen,Gaddesby,M
Bartolemo,Allston,Rubertis,Gunderson,M
Christoper,Frederick,Ede,Millan,M
Elton,Merrill,Emerine,Jedrzejczak,M
Deborah,Guierre,Kettow,Rubbens,F
Helli,Barthelme,Flaxman,Ryton,F
Gretta,Traise,Duley,Merrigan,F
Keen,Hollibone,Swane,Lyness,M
Penrod,Dunniom,Hawler,Ewbanke,M
Claire,Seagrove,Kincaid,Iacobini,F
Sly,Fortye,Fitzroy,Loughlan,M
Ramon,Auten,Saph,Fretwell,M
Bayard,Trevena,Drury,Ganny,M
Veradis,Tritten,Rosengarten,Serginson,F
Langston,Vaggs,Lube,Szwandt,M
Steffi,Hallbird,Lunge,Jorger,F
Fernando,Arundale,Chaloner,Horsley,M
Julienne,Severy,Laise,Grute,F
Melisenda,Dunckley,Patifield,Garstang,F
Bernardo,Folder,Andrieu,Saddington,M
Bryanty,Heintsch,Savell,Kumar,M
Rheba,Pierse,McCaffery,Yeomans,F
Desmond,Garfitt,Yakebovich,Hamnet,M
Izabel,Peto,Lillford,Snooks,F
Brett,Seivwright,Grigoli,Palek,M
Corenda,Rayment,Brookhouse,McCahill,F
Juditha,Chafney,Abbison,McCritchie,F
Ciel,Klassmann,Scantleberry,Worster,F
Dana,Christofol,Couldwell,Menichini,M
Desiri,Mudge,Mingardo,Vlasyuk,F
Alyse,Bowden,Crannage,Levesley,F
Lek,Espasa,Pamplin,Prew,M
Elmore,Colles,Isherwood,Houdhury,M
Godfry,Oger,Vallack,Russel,M
Louise,Ebdin,Charlson,Lummis,F
Salomi,Slucock,Kenwright,Coombe,F
Shalna,Pieter,Cervantes,Guyonneau,F
Lonni,Bowes,Lowings,Van Hove,F
Kristyn,Stern,Autin,Bette,F
Bernita,Spreckley,Braitling,Cuningham,F
Nancey,Tirone,Slowgrove,Trevillion,F
Sonya,Welds,Lawful,Bubbins,F
Krystle,Gillbanks,Lantoph,Tassel,F
Cobb,Armour,Buddington,Casseldine,M
Piper,Ness,Yantsurev,Cauthra,F
Blanca,Wallach,Culham,Ellens,F
Giulio,Tomalin,Crockford,Barense,M
Van,Mc Pake,Guynemer,Derry,F
Carmencita,Faltin,Ferrer,Schorah,F
Maurine,Olufsen,Drayn,Bille,F
Merrill,Hatrick,Oles,McNeely,M
Harp,Dobby,Godlee,Garnar,M
Douglass,Paddefield,O'Duane,Bertlin,M
Brien,Rippingall,Realff,Vercruysse,M
Wendell,Dovidaitis,Hanburry,Garretson,M
Faythe,Rubinchik,Benne,Swindells,F
Meade,McCaskill,Elizabeth,Osanne,M
Peadar,Gatty,Matysiak,Gerhts,M
Laurent,Shepstone,Storks,Chadney,M
Petunia,Paxforde,Haggerstone,Barbrick,F
Naoma,Langthorne,Koopman,Adamkiewicz,F
Lillian,Wakelam,Birbeck,Gostling,F
Rabbi,Androlli,Carabine,Querree,M
Randall,Hadden,Mossop,Lombard,M
Perice,Knight,Rymell,Roust,M
Missy,Rosborough,Gouinlock,Warde,F
Letti,Robrow,Wordsworth,Bingle,F
Bax,Siberry,Aizikov,Nobes,M
Dilan,Reedick,Thwaites,Crux,M
Hi,Shillitto,Burlingham,Drinkhill,M
Boony,Jacquemy,D'Avaux,Slay,M
Remington,Boliver,Alcoran,Gilloran,M
Emyle,Gillow,Plumb,Haldin,F
Ginny,O'Hegertie,Batterton,Pandya,F
Georgena,Kennady,Pearton,Leppo,F
Cully,Locker,Houchen,Dixsee,M
Arch,Cullinan,Marnane,Secombe,M
Nicole,Kennaird,Saffell,MacCart,F
Karil,Witheford,Muslim,Haskew,F
Glenn,Fearns,Ashplant,Balwin,M
Ashli,Dimitrie,Schaben,Ricciardo,F
Gaelan,Enders,Coytes,Poulett,M
Latrina,Glavias,Signori,Petrelli,F
Christalle,Stell,Antoons,Awton,F
Eyde,Yesson,Hordle,Calderhead,F
Marietta,Gandey,Learman,Scuffham,F
Davy,Ondra,Fyfield,Willshire,M
Forster,Brusby,Everex,Hardstaff,M
Miran,Trenholm,Lovewell,Peerman,F
Brenda,Press,Gilhooly,Lightbourne,F
Filmore,Zaczek,Vignal,Boorman,M
Padraic,Littrell,Nerger,Davidowsky,M
Ulla,Fer,Caldaro,Fennelly,F
Miran,Rotchell,Growcock,Tamas,F
Hayes,Toderbrugge,Moiser,Wherry,M
Gael,O'Gormally,Gaunson,Gerald,M
Merill,Slark,Mansell,Trevett,M
Ingemar,Filipczak,Castellan,Froud,M
Hali,Goburn,Turfitt,Simmings,F
Morley,Arent,Hazlewood,Blakeborough,M
Godfree,Rawles,Scotland,Kuban,M
Sherilyn,Briar,Bogays,Runge,F
Wainwright,Finlater,Ipsley,Kindle,M
Aubrette,Bruckenthal,Vella,Bessett,F
Rupert,Debney,Sorensen,Trowel,M
Patric,Nelle,Dawtrey,Gentric,M
Arden,Gethin,Dewicke,Comben,F
Dwight,Devons,Maciocia,D'Agostino,M
Gordon,Clipson,Bahlmann,Greenhall,M
Missie,Springtorpe,Carl,Broadway,F
Gertrude,Bolger,Mewe,Luquet,F
Nettle,Gisbey,Locksley,Crallan,F
Neil,Witchard,Collopy,Gallaher,M
Merle,Ramsdale,Yandle,Gawen,M
Duky,Diche,Whybray,Beyne,M
Beauregard,Dessaur,Norcross,Songist,M
Mathian,Ilson,Lubomirski,Goudie,M
Fleur,Clapson,Danell,Parkinson,F
Homer,Veque,Wisden,Hennington,M
Trueman,Cullnean,Gurko,Ivakhin,M
Rafferty,Dellenbroker,Colliar,Vanni,M
Briant,Matushevitz,Caramuscia,Feye,M
Gwyneth,Lovitt,Gass,Duffin,F
Madeline,Cadell,Moraleda,Blockley,F
Wren,Larose,Grayson,Desforges,F
Vinita,Shillabeer,Yuryshev,Smiths,F
Eduardo,Cardenoza,Harrad,Fealey,M
Norry,Gaspar,Edards,Althorp,M
Clim,Ilchuk,McGrotty,McKoy,M
Jacky,Sheivels,MacMenamie,Bragger,M
Cassandre,Klimkov,Tennant,Dunnico,F
Morie,Howard - Gater,Cordall,Condell,M
Guillaume,Yoseloff,Elsley,Flohard,M
Cherrita,Bolley,Byart,Farres,F
Sheryl,Sparham,Keohane,Divers,F
Doy,Dionisetti,Laborda,Tivolier,M
Selma,Terese,Petracco,Blanque,F
Si,Cuttle,Heintsch,Cattrall,M
Diego,Rene,Ebourne,Gabbot,M
Dennison,Blunsom,Boutcher,Binley,M
Enriqueta,Kennifeck,Twort,Teasdale,F
Saunder,Blaxton,Stodart,Gibson,M
Rowland,Sancroft,Beldan,Whitely,M
West,Fahey,Oxlee,Bougen,M
Charo,Burborough,Belverstone,Thing,F
Elbertina,Bastable,McKinlay,Ricarde,F
Tam,Di Angelo,Frensche,Crummy,M
Cob,Ayars,Pettman,Farrens,M
Ashton,Facher,Bygraves,Garham,M
Ricardo,Kiff,Rysdale,Hackney,M
Pennie,Strelitzer,Pluck,Kynan,F
Zita,Avon,Millington,Crossgrove,F
Jennica,Ranns,McLane,Delouch,F
Clem,Kamien,Brummell,Dennis,M
Nissy,Cronchey,Peagrim,Jenckes,F
Alvis,Pedroni,Crevagh,Danielczyk,M
Delbert,Briance,Mewhirter,Elby,M
Uriel,Seiffert,Alman,Igonet,M
Nissa,Misselbrook,Fassan,Scheffel,F
Babita,Jablonski,Wragge,Wyse,F
Costanza,Redgrave,Tommeo,Barthot,F
Olav,Blaydes,Ondricek,Fresson,M
Morse,Barrowclough,Branni,Casali,M
Frannie,Schoffler,Stoggles,Plimmer,M
Alanna,McLeman,Ladewig,Newns,F
Stirling,Pettigrew,Boake,Foster,M
Miner,Mark,Thirlwell,Wolland,M
Jessika,Woods,Fydo,Portigall,F
Wallie,Hollow,Togwell,Bottomley,M
Thorn,Greasley,Leguay,Gabbat,M
Eugenie,Fawdrie,Chateau,Klejna,F
Valeda,Lavies,Ughelli,Rodgier,F
Shana,Aldcorn,Ibell,Sarsfield,F
Jamie,Van de Vlies,Newey,Josuweit,M
Melony,Whetnall,Rawlcliffe,Warrilow,F
Lynda,McPhillimey,Bletso,Pinn,F
Conny,Mattessen,Bircher,Sperski,M
Irena,Chasney,Willatts,Damper,F
Meryl,Fleming,McElhinney,Lannen,M
Loren,Berre,Fendlow,Juden,M
Lucie,Prati,Pressland,Lapere,F
Elwyn,Burdge,Weatherburn,McFarlan,M
Sheryl,Poyle,MacCaughan,MacPaike,F
Ford,Caroll,Belliard,Kruszelnicki,M
Sonny,Vsanelli,Rainger,Haizelden,M
Pammi,Dunsmuir,Cordova,Coltart,F
Gertrude,Campelli,Farlam,Gennerich,F
Alaine,McMeekan,Hounsom,Rizziello,F
Latashia,Tejero,Dahle,Fetherston,F
Kai,Jewitt,Barthropp,Dutch,F
Aile,Vaggers,Mallender,Steptoe,F
Aridatha,Sergant,Thorsen,Blodg,F
Murry,Tourville,Booker,Shackleton,M
Zaneta,Ambrogioni,Beadell,Havelin,F
Kyle,Mariyushkin,Konzel,Fessby,M
Chicky,Stiffkins,Catchpole,Viggars,F
Cesaro,Rollason,Baggaley,Grioli,M
Reina,Maccrae,Tupper,Moxsom,F
Noni,Fibbens,Robertson,Garvan,F
Seline,McCahill,Gellett,Churching,F
Thom,Doddrell,Bruckenthal,Whaymand,M
Brendon,Rotham,Tottman,Temple,M
Willie,Papez,Heinzler,Fillimore,M
Jayme,Aiers,Bracken,Dewbury,F
Alexi,Brettoner,Cruft,Carayol,F
Vachel,Gaskal,Wyse,Tittletross,M
Chere,Bertomier,Sparrowhawk,Piperley,F
Che,Feaks,Fackney,Lumox,M
Tallou,Allinson,Vevers,Matthius,F
Shannan,Krink,Zimmerman,Garbert,M
Livvie,Blake,Burdett,Greenstock,F
Darrelle,Castille,Baford,Melburg,F
Ara,Laughrey,Edgcumbe,Jimes,M
Barbee,Lumsden,Thirlwell,Westcot,F
Elinor,Goulbourne,Roscamp,Tinniswood,F
Dorthea,Beaford,Totton,Jarrel,F
Bartlett,Rotge,Headey,Tumility,M
Robbin,Blaber,O'Heneghan,Kinnock,F
Lurette,Emilien,Tomaszek,Wearden,F
Vikky,Sanday,Lidgett,Ashpital,F
Ivor,Staddom,Dowbakin,Dugdale,M
Rey,Le Sieur,Lademann,Witchalls,F
Sanford,Clohessy,Hendrick,Marchiso,M
Sanson,Byrom,Whilde,Gynni,M
Allan,Fuggles,Kenner,Shingles,M
Nessa,Blaisdale,Skingley,Sowten,F
Baron,Lampke,Dooland,Holehouse,M
Bradney,Lavall,Foddy,Baitman,M
Teddie,Radbond,Cathersides,Ollive,F
Iosep,Finlater,Meconi,Blaiklock,M
Broddy,Szanto,Revance,Gergolet,M
Engelbert,Piesing,Wagerfield,Abrahamsohn,M
Doralin,Dungate,Davidovitch,Antonomolii,F
Aloysia,Sackes,Leeburn,Dunkerton,F
Klemens,Hulkes,Feild,Bridie,M
Evonne,Timmons,Croy,Westberg,F
Kali,Matas,Stainsby,Franz,F
Adelind,Hundell,Loveguard,Sawdon,F
Tad,Pilgram,Durnan,McGourty,M
Cordelie,Nutt,MacCurley,Mothersdale,F
Layla,Rains,Goddman,Lilleyman,F
Murvyn,Gossage,Florey,Maccaddie,M
Eward,Dunbavin,Guilayn,Marlon,M
Tremayne,Ranns,Tewkesberry,Rocca,M
Cacilie,Hamelyn,Langfat,Disney,F
Elinor,Thornebarrow,Cosstick,Bernardin,F
Johnathon,Kebell,Riseborough,Ellerker,M
Marita,Ziehm,Vaughan-Hughes,Polfer,F
Jasmina,Sellors,Monget,Hartil,F
Keriann,Spawton,Bussens,Stackbridge,F
Thaddeus,Jerzak,Mozzini,Tomczykowski,M
Ewell,Wormell,Petrasso,Fellowes,M
Mandel,Dionsetto,Rentoll,Tissell,M
Lishe,Tobin,Dunderdale,Matzkaitis,F
Gregorio,Berry,Greydon,Milborn,M
Noble,Hooban,Hildred,Bonavia,M
Harland,Sivil,Sherratt,Stranieri,M
Evelyn,Wymer,Arger,Crowcher,M
Fremont,Olanda,Vertigan,Harriday,M
Lauri,Bruhke,Francello,Watkin,F
Virge,McGeachie,Bowsher,Birchwood,M
Ardella,Le Surf,Derington,Angerstein,F
Hyacintha,Ryrie,Attewill,Boynton,F
Moshe,Munnis,Cavell,Earp,M
Betsy,Marl,Attkins,Rayner,F
Conni,Schapero,Delf,Dargue,F
Darb,Eddis,Durak,Buckthorp,F
Christoffer,Kerans,Scarlin,Hoult,M
Hal,Hamblen,Haslen,Bullough,M
Wallace,Axup,Shewery,Fforde,M
Bobine,Nealy,Borg-Bartolo,Pellamonuten,F
Francine,Trout,Brooksbie,Swansborough,F
Kain,Tavener,Niemiec,Deem,M
Marion,Shmyr,Levine,Rendbaek,M
Salomo,Honnan,Grove,Oxford,M
Latashia,Handscombe,Boog,Dakhno,F
Reed,Murrhardt,Infantino,Swansborough,M
Christopher,Poad,Gaiger,Kuhndel,M
Berty,Fantini,Warner,Conisbee,M
Walker,Ashbrook,Bithell,Penhale,M
Sonnie,Scobie,Gostling,Esh,M
Tammi,Rosenthaler,Kinch,Cristoferi,F
Francyne,Ville,Picknett,Englefield,F
Olag,Pedel,Geffen,Padillo,M
Shelley,Sherburn,Hamsher,Skelhorne,F
Vonni,Redsall,Blaxland,Ehlerding,F
Edvard,Clohissy,Riddick,Hulburt,M
Bronson,Cuberley,Kingsbury,Emblem,M
Moss,Paradine,Gribbins,Konmann,M
Dacy,Irons,Shaughnessy,Gerritsma,F
Quintana,Polkinhorn,Cerro,Causnett,F
Walton,Loddy,Molloy,Basili,M
Brittney,Witter,Barts,Crowcher,F
Flemming,Folling,Dibdall,Brennen,M
Beitris,Mulrooney,Daudray,Tallet,F
Mose,Payze,Garett,Trimnell,M
Goddard,Folca,Bools,Severwright,M
Trixie,Blewitt,Tollmache,Enriques,F
Sandro,Keese,Benoey,Kendrew,M
Laurella,Stammler,Dawkes,Haydon,F
Hayes,Scotsbrook,Yesinin,Pigott,M
Husain,Bellson,Basindale,Streight,M
Ashia,McAuslene,Skews,Shanahan,F
Lise,Braams,Nairy,Chatto,F
Fabe,Instone,Gaynsford,Guiducci,M
Tallie,McLeary,Boulter,Vogele,M
Tallie,Elsy,Savile,Hanna,M
Orelie,Caffrey,Marin,Milburne,F
Geneva,MacAlpin,Driver,Andrag,F
Mayer,O'Kieran,Leghorn,Ragles,M
Gardener,Smeeton,Dewbury,Beeby,M
Boyce,Easton,Bugdale,Raund,M
Johnath,Dallin,Blanden,Castellet,F
Winifield,Smitherman,Wife,Heaysman,M
Abran,Irdale,Rouse,Bascombe,M
Elli,Faier,Scoble,Plaunch,F
Claudina,Pinnegar,Rival,Crumley,F
Channa,Swindell,Rois,Dick,F
Hinda,Brotherhead,Chamberlayne,Hayles,F
Sandi,Biaggelli,Kilian,Denver,F
Shayne,Swindle,Dallosso,Easterling,M
Spenser,Teers,Swalteridge,Osboldstone,M
Adrianne,Reihill,Fernier,Carder,F
Esteban,Hopkins,Ramsby,McElwee,M
Else,Coudray,Sallis,Sewter,F
Guinna,Guidi,Gillmore,Rockell,F
Lewie,Colicot,Le Count,Veasey,M
Clerc,Gotliffe,Bortolomei,Oglesbee,M
Garrick,Juppe,Quarrell,Arpin,M
Korella,Yorath,Dorracott,Meneghelli,F
Ofella,Halsey,Meijer,Butland,F
Aimee,Tallent,Devonport,Jursch,F
Sloan,Claybourne,Nunns,Sisland,M
Bard,Ricca,Stolze,Mercy,M
Darbie,McKomb,Amesbury,Vedyashkin,F
Thomasine,Spilisy,Rout,Knotton,F
Georgi,Mooring,Minelli,Huddleston,M
Colin,Adamiec,Laudham,Matzkaitis,M
Borg,Mouan,Gallanders,Greson,M
Tallia,Fiddeman,Hankins,Ivanov,F
Dolph,Heinrich,Westmancoat,Stichel,M
Lucho,Choldcroft,Spragge,Hinks,M
Raffarty,Bartlam,Rolley,Castelain,M
Edithe,Breese,Cockshot,Dict,F
Clyde,Hammerberg,Flaherty,Pettko,M
Margery,Silk,Pennoni,Anersen,F
Nicolais,Draaisma,Girling,Goaks,M
Edyth,Aronson,Fellibrand,Bartkiewicz,F
Olin,Wagge,Raitt,Tunniclisse,M
Ranee,Dalgardno,Cota,Bartak,F
Adah,Englefield,Gouck,Rosterne,F
Lib,Berkley,Bangham,Wurst,F
Ardella,Harkins,Ciani,Canellas,F
Kirstyn,Scutter,Madsen,Andreou,F
Shena,Vivien,Medgewick,Shurmore,F
Dimitri,Shetliff,Cossentine,Cabane,M
Celine,Sywell,Teacy,Pleasance,F
Evangelia,Brimilcome,Darlaston,Ouslem,F
Tallulah,Plaschke,Peppett,Castanone,F
Tedi,Mattes,Bowlas,April,F
Aguistin,Yaknov,Deave,Rupert,M
Claudian,Horwell,Lorenzini,Kocher,M
Hattie,Scrinage,Cory,Broxholme,F
Tomlin,Skeech,Josowitz,Eskrigg,M
Rory,Kiwitz,Cromack,Glusby,M
Hugo,Pancost,Petrovic,Mumford,M
Raynor,Aulton,Banham,Cadalleder,M
Antonetta,Pomfrett,Elvy,Balkwill,F
Albert,Catley,Staniforth,Sellors,M
Josefina,Goretti,Tregoning,Beauvais,F
Sascha,Holborn,Mell,Broster,F
Adriano,Boulton,Wareham,Flockhart,M
Karlene,Wesgate,Cleall,Warcop,F
Maude,Lorenzo,Litherborough,Medlicott,F
Cris,Conws,Hemmingway,Viollet,F
Leicester,Bourgeois,Cowland,Neilson,M
Ernestine,Meneo,Monkeman,McCrae,F
Tailor,Oertzen,Sunderland,Blundon,M
Aloysia,Vedeneev,Hesbrook,Hurry,F
Dell,Berkley,Rowthorn,Binley,M
Marilyn,Lissett,Salkeld,Celle,F
Tris,Mahy,Courteney,Caldecot,M
Dunstan,Mingay,Craddy,Clow,M
Kevon,Fawlkes,Soppit,Colecrough,M
Edd,Giacomello,Resun,Sotheron,M
Kessia,Morfell,Kemwal,todor,F
Cory,Clewes,Seignior,Bullivant,M
Robbi,Lloyds,Kender,Keeffe,F
Maddalena,Husher,Lascelles,Scatchard,F
Maury,Broseke,Rycraft,Downs,M
Willie,Seldon,Durrett,Alflatt,F
Rollin,Thurstan,Pittford,Tolcher,M
Denny,Roblin,Woolen,Joseland,F
Fairlie,Tulloch,Weinmann,Guillot,M
Shawn,Jouannisson,Rospars,Burlingham,M
Karlee,Farrimond,Warlawe,Lightewood,F
Chiquia,Braunes,Stone,Ryves,F
Verge,Challener,Schwandermann,Muglestone,M
Pauly,Rootham,MacDowall,Suddick,M
Faun,Dowling,Pain,MacNaughton,F
Pavlov,Kybert,Scamwell,Marnes,M
Thorn,Cawdery,Janota,Girth,M
Gram,Prinett,Gorring,Toffano,M
Dottie,Adran,Radwell,Kordas,F
Nessa,Karlicek,Colleford,Rougier,F
Cristie,Cable,Hasser,Howbrook,F
Karrah,Tremelling,McTeggart,Ambrogio,F
Gerhardine,Hudson,Reasun,Krolik,F
Demetrius,Likely,Antonich,Durbann,M
Danya,Mergue,Stealy,Harrison,F
Mead,Hammel,Billing,Wealleans,F
Melina,Brookton,Gregorowicz,Spirritt,F
Margaret,Grote,O'Hartigan,Gregan,F
Vivianna,Jirick,Fadden,Cisson,F
Cecilla,Brusin,Nobriga,Berendsen,F
Teressa,Costellow,Johns,Shakspeare,F
Madelle,Balston,Niessen,Boram,F
Gerome,Salomon,Shapcote,Tomasello,M
Vladamir,Greason,Burfield,Snaddon,M
Janos,Petrelli,Rubinovitch,Beels,M
Hyacinthia,Wemyss,O'Hickee,Esplin,F
Zechariah,Zumbusch,Quarless,Gages,M
Brinna,Sebrens,Cafferky,Iskowitz,F
Leonid,Maffezzoli,Le Fleming,Minet,M
Federico,Gascoyen,Gheeraert,Cranidge,M
Norry,Beche,Rookwell,Keri,M
Aggi,Ianno,Mandel,MacGregor,F
Ring,Dutteridge,Kither,Rodda,M
Jeniffer,Wasling,Greyes,Gronous,F
Alla,Rape,Bourdis,Jeannesson,F
Petrina,Pieter,Rottgers,Benkhe,F
Marlowe,Norwich,Housaman,Liggins,M
Diahann,Swindell,Cringle,Bonick,F
Whitaker,Allsop,Barthelme,Storck,M
Rudy,Gutteridge,Parmer,Kindon,M
Joyan,Remirez,Darrell,Duignan,F
Delores,Mendus,Tincknell,Bramsom,F
Biddie,Francais,Josefs,Gorring,F
Chrisy,Badsworth,Dilks,Searles,M
Kayne,Ridewood,Souten,Wyldish,M
Maynord,Lowis,Sterre,de Castelain,M
Ashlie,Broadist,Shapcote,Rosenbusch,F
Jacquenette,Skellen,Maxweell,Marder,F
Christopher,Rikel,Pococke,Neeve,M
Andrus,Cawley,McGillivrie,Brandin,M
Kiele,Lampen,Lutas,Conerding,F
Staffard,Cadreman,Mobius,Allso,M
Fanya,Hanstock,Scrimshaw,Ginity,F
Colver,Smeeton,Schoolcroft,Dominik,M
Wilfred,Brookfield,McRoberts,Wooller,M
Brigham,Jankin,Rosi,Crutchley,M
Stanly,Lockton,Folomkin,Britten,M
Eimile,Michael,Leuty,Rewbottom,F
Normie,Tarbert,Stormouth,Brito,M
Josiah,Cummine,Louis,Berceros,M
Beniamino,Bessant,Greenwell,Grellis,M
Brion,Cannon,Hollingsby,Cholwell,M
Helen,Beig,Gonthard,Radish,F
Ludovico,Pallant,Alvy,Fitkin,M
Orson,Drynan,Cowerd,Wellbeloved,M
Aldus,Etheredge,Collimore,Harburtson,M
Welch,Jancso,Kearley,Wollaston,M
Kandy,Reddel,Arpino,Chessman,F
Giselle,Teal,Doman,Brosi,F
Billy,Hulland,Vowden,Rojahn,M
Jandy,Mackro,Lelande,Travers,F
Micheil,Shenton,Growden,Rayhill,M
Eamon,Dran,Yurevich,Burg,M
Catha,Kingescot,Chattock,Huffey,F
Blondell,Gregorace,Reaney,Nizet,F
Willie,Brewer,Twinberrow,Strainge,F
Griz,West,Davenhill,Carrier,M
El,Vaneschi,Brierly,Balls,M
Donielle,Ditchfield,Biasio,Heliot,F
Craggy,Cosely,Mabbot,Meredith,M
Shepperd,Kelby,Sweedy,Croke,M
Donia,Merrick,Martyn,Crimmins,F
Nicolette,Habeshaw,Mapston,Geke,F
Horatio,Skirvin,Mullane,Devas,M
Dex,Rooms,Shadfourth,Bexley,M
Webster,Hammerich,Compston,Barg,M
Bald,Faircley,MacLucais,Hamnett,M
Brit,Dirkin,Boncoeur,Hook,M
Odette,Francey,Waterdrinker,Wedgbrow,F
Paddy,Cunningham,Mackie,Revening,M
Efren,Akaster,Uwins,Bartholat,M
Caddric,Manach,Advani,Goodered,M
Tamar,Adam,Edgcombe,Knok,F
Maison,Marskell,Hansley,Pumfrett,M
Cly,Hunnawill,Rabbe,Ferras,M
Andi,Steel,Dormon,Thombleson,F
Abby,Lyburn,Dury,Colombier,M
Clevey,Eseler,Van Driel,Alastair,M
Sid,Mabb,McDugal,Boone,M
Rollins,Harcarse,Osmund,Spawforth,M
Marjorie,Settle,Sollitt,Duffett,F
Olag,Geake,Spraberry,Berens,M
Dalt,Pigford,Earry,Lowrance,M
Gladi,Feldhorn,Rowatt,Dimitriades,F
Mikol,Neaves,Vittori,Coultar,M
Annice,Bellord,O'Lennachain,Evens,F
Guido,Ellis,Malone,Rudsdell,M
Windham,Butlin,Bordman,Urion,M
Gusella,Treadaway,Comelini,Thickin,F
Sabrina,Stanyforth,Cafferty,Grigsby,F
Natasha,Demange,De Rye Barrett,Rosgen,F
Horatio,Krishtopaittis,Govinlock,Broadley,M
Esta,Disley,Meijer,Haylett,F
Minni,Rivitt,Beadman,Young,F
Laurence,Barthrop,Phaup,Haysman,M
Murvyn,Lackham,Ferreli,Lisamore,M
Taite,McCarty,Jesteco,Deetlefs,M
Genevieve,Diggin,Grosvenor,Valerius,F
Melanie,Coppeard,Peterson,Le Noury,F
Jud,Hearon,Watkiss,Shoemark,M
Townsend,Muglestone,Petrashkov,Ladon,M
Garey,Kelle,MacIntosh,Logg,M
Donella,Konerding,Bentzen,Lafont,F
Evelin,Hardey,Sinnat,Chevolleau,M
Licha,Kirimaa,O'Lunney,Howsam,F
Natty,Lasseter,Cherm,Pretious,M
